{
  "sample_fraud_transactions": [
    {
      "description": "High-risk fraud pattern - Large amount with suspicious V features",
      "Amount": 5000.0,
      "V1": -1.359807134,
      "V2": -0.072781173,
      "V3": 2.536346738,
      "V4": 1.378155224,
      "V5": -0.338261018,
      "V6": 0.462388057,
      "V7": 0.239598554,
      "V8": 0.098697901,
      "V9": 0.363786962,
      "V10": 0.090794172,
      "V11": -0.551599533,
      "V12": -0.617800856,
      "V13": -0.991389847,
      "V14": -0.311169354,
      "V15": 1.468176972,
      "V16": -0.470400525,
      "V17": 0.207971242,
      "V18": 0.025790580,
      "V19": 0.403992960,
      "V20": 0.251412098,
      "V21": -0.018306778,
      "V22": 0.277837576,
      "V23": -0.110473910,
      "V24": 0.066928075,
      "V25": 0.128539358,
      "V26": -0.189114844,
      "V27": 0.133558377,
      "V28": -0.021053053
    },
    {
      "description": "Medium-risk fraud pattern - Unusual time with moderate amount",
      "Amount": 1200.0,
      "V1": -0.966271711,
      "V2": -0.185226008,
      "V3": 1.792993340,
      "V4": -0.863291275,
      "V5": -0.010308879,
      "V6": 1.247203167,
      "V7": 0.237608940,
      "V8": 0.377435875,
      "V9": -1.387024062,
      "V10": -0.054951922,
      "V11": -0.026487166,
      "V12": -1.449151394,
      "V13": 0.524496725,
      "V14": 0.247998153,
      "V15": 0.771679402,
      "V16": 0.909412262,
      "V17": -0.689280956,
      "V18": -0.327641834,
      "V19": -0.139096612,
      "V20": -0.055352794,
      "V21": -0.059751841,
      "V22": 0.032038177,
      "V23": 0.024588780,
      "V24": 0.014503186,
      "V25": -0.018307887,
      "V26": 0.049503951,
      "V27": 0.085101654,
      "V28": -0.255425128
    },
    {
      "description": "Suspicious pattern - Multiple small transactions",
      "Amount": 45.0,
      "V1": 1.191857111,
      "V2": 0.266150712,
      "V3": 0.166480113,
      "V4": 0.448154078,
      "V5": 0.060017649,
      "V6": -0.082360809,
      "V7": 0.024052329,
      "V8": -0.143772771,
      "V9": -0.174865056,
      "V10": -0.021053053,
      "V11": 0.014309836,
      "V12": 0.024588780,
      "V13": -0.018307887,
      "V14": 0.032038177,
      "V15": 0.049503951,
      "V16": 0.085101654,
      "V17": -0.255425128,
      "V18": 0.014309836,
      "V19": 0.024588780,
      "V20": -0.018307887,
      "V21": 0.032038177,
      "V22": 0.049503951,
      "V23": 0.085101654,
      "V24": -0.255425128,
      "V25": 0.014309836,
      "V26": 0.024588780,
      "V27": -0.018307887,
      "V28": 0.032038177
    }
  ],
  "sample_legitimate_transactions": [
    {
      "description": "Normal transaction - Regular purchase",
      "Amount": 25.50,
      "V1": 0.0,
      "V2": 0.0,
      "V3": 0.0,
      "V4": 0.0,
      "V5": 0.0,
      "V6": 0.0,
      "V7": 0.0,
      "V8": 0.0,
      "V9": 0.0,
      "V10": 0.0,
      "V11": 0.0,
      "V12": 0.0,
      "V13": 0.0,
      "V14": 0.0,
      "V15": 0.0,
      "V16": 0.0,
      "V17": 0.0,
      "V18": 0.0,
      "V19": 0.0,
      "V20": 0.0,
      "V21": 0.0,
      "V22": 0.0,
      "V23": 0.0,
      "V24": 0.0,
      "V25": 0.0,
      "V26": 0.0,
      "V27": 0.0,
      "V28": 0.0
    },
    {
      "description": "Normal transaction - Online shopping",
      "Amount": 89.99,
      "V1": 0.5,
      "V2": -0.2,
      "V3": 0.3,
      "V4": -0.1,
      "V5": 0.4,
      "V6": -0.3,
      "V7": 0.2,
      "V8": 0.1,
      "V9": -0.2,
      "V10": 0.3,
      "V11": -0.1,
      "V12": 0.2,
      "V13": -0.3,
      "V14": 0.1,
      "V15": 0.4,
      "V16": -0.2,
      "V17": 0.3,
      "V18": -0.1,
      "V19": 0.2,
      "V20": -0.3,
      "V21": 0.1,
      "V22": 0.4,
      "V23": -0.2,
      "V24": 0.3,
      "V25": -0.1,
      "V26": 0.2,
      "V27": -0.3,
      "V28": 0.1
    },
    {
      "description": "Normal transaction - Restaurant payment",
      "Amount": 156.75,
      "V1": 0.8,
      "V2": -0.5,
      "V3": 0.6,
      "V4": -0.3,
      "V5": 0.7,
      "V6": -0.4,
      "V7": 0.5,
      "V8": 0.2,
      "V9": -0.6,
      "V10": 0.4,
      "V11": -0.2,
      "V12": 0.3,
      "V13": -0.5,
      "V14": 0.2,
      "V15": 0.6,
      "V16": -0.3,
      "V17": 0.4,
      "V18": -0.2,
      "V19": 0.3,
      "V20": -0.4,
      "V21": 0.2,
      "V22": 0.5,
      "V23": -0.3,
      "V24": 0.4,
      "V25": -0.2,
      "V26": 0.3,
      "V27": -0.4,
      "V28": 0.2
    }
  ],
  "edge_cases": [
    {
      "description": "Very high amount - Potential fraud",
      "Amount": 50000.0,
      "V1": -2.0,
      "V2": 1.5,
      "V3": -1.8,
      "V4": 2.2,
      "V5": -1.3,
      "V6": 1.7,
      "V7": -2.1,
      "V8": 1.4,
      "V9": -1.9,
      "V10": 2.0,
      "V11": -1.5,
      "V12": 1.8,
      "V13": -2.2,
      "V14": 1.3,
      "V15": -1.7,
      "V16": 2.1,
      "V17": -1.4,
      "V18": 1.9,
      "V19": -2.0,
      "V20": 1.5,
      "V21": -1.8,
      "V22": 2.2,
      "V23": -1.3,
      "V24": 1.7,
      "V25": -2.1,
      "V26": 1.4,
      "V27": -1.9,
      "V28": 2.0
    },
    {
      "description": "Very small amount - Normal micro-transaction",
      "Amount": 0.99,
      "V1": 0.1,
      "V2": -0.1,
      "V3": 0.05,
      "V4": -0.05,
      "V5": 0.1,
      "V6": -0.1,
      "V7": 0.05,
      "V8": -0.05,
      "V9": 0.1,
      "V10": -0.1,
      "V11": 0.05,
      "V12": -0.05,
      "V13": 0.1,
      "V14": -0.1,
      "V15": 0.05,
      "V16": -0.05,
      "V17": 0.1,
      "V18": -0.1,
      "V19": 0.05,
      "V20": -0.05,
      "V21": 0.1,
      "V22": -0.1,
      "V23": 0.05,
      "V24": -0.05,
      "V25": 0.1,
      "V26": -0.1,
      "V27": 0.05,
      "V28": -0.05
    }
  ],
  "feature_explanations": {
    "V1-V28": "These are PCA (Principal Component Analysis) transformed features from the original credit card transaction data. They represent different aspects of the transaction:",
    "V1-V6": "Time-related features (transaction time patterns)",
    "V7-V12": "Amount-related features (transaction amount patterns)", 
    "V13-V18": "Merchant-related features (merchant category patterns)",
    "V19-V24": "Geographic features (location patterns)",
    "V25-V28": "Behavioral features (user behavior patterns)",
    "Amount": "The actual transaction amount in the original currency",
    "typical_range": "Most V features range from -3 to +3, with 0 being neutral",
    "fraud_indicators": "Extreme values (|V| > 2) or unusual combinations often indicate fraud"
  }
}
